2025-12-02_15-42-13,100,draft.py:2025-12-02_15-42-13
2025-12-02_15-42-30,100,draft.py:2025-12-02_15-42-13
2025-12-02_15-47-43,100,draft.py:2025-12-02_15-42-13
2025-12-02_15-47-48,100,draft.py:2025-12-02_15-42-13
2025-12-02_16-00-29,100,draft.py:2025-12-02_15-42-13
2025-12-02_16-00-33,100,draft.py:2025-12-02_15-42-13
2025-12-02_16-00-40,100,draft.py:2025-12-02_15-42-13
2025-12-02_16-00-40,100,draft.py:2025-12-02_15-42-13
2025-12-09_15-32-13,100,draft.py:2025-12-02_15-42-13
2025-12-09_16-07-07,0,draft.py:2025-12-09_16-07-07
2025-12-09_16-07-08,0,draft.py:2025-12-09_16-07-07
2025-12-09_16-29-53,100,draft.py:2025-12-09_16-29-53
2025-12-09_16-29-57,100,draft.py:2025-12-09_16-29-53
2025-12-09_16-34-28,100,draft.py:2025-12-09_16-34-28
2025-12-09_16-34-32,100,draft.py:2025-12-09_16-34-28
