2025-12-02_16-00-53,100,draft.py:2025-12-02_16-00-53
2025-12-02_16-22-47,0,draft.py:2025-12-02_16-22-47
2025-12-02_16-30-48,0,draft.py:2025-12-02_16-22-47
2025-12-02_21-23-17,100,draft.py:2025-12-02_21-23-17
2025-12-02_21-23-17,100,draft.py:2025-12-02_21-23-17
2025-12-02_21-23-18,100,draft.py:2025-12-02_21-23-18
2025-12-02_21-23-20,100,draft.py:2025-12-02_21-23-18
2025-12-02_21-40-09,100,draft.py:2025-12-02_21-23-18
2025-12-02_21-40-09,100,draft.py:2025-12-02_21-23-18
2025-12-02_21-40-09,100,draft.py:2025-12-02_21-23-18
2025-12-02_21-40-09,100,draft.py:2025-12-02_21-23-18
2025-12-04_20-21-26,100,draft.py:2025-12-02_21-23-18
2025-12-04_21-52-41,100,draft.py:2025-12-02_21-23-18
2025-12-04_21-52-41,100,draft.py:2025-12-02_21-23-18
2025-12-04_21-52-45,100,draft.py:2025-12-02_21-23-18
2025-12-04_21-52-45,100,draft.py:2025-12-02_21-23-18
2025-12-04_21-53-08,100,draft.py:2025-12-02_21-23-18
2025-12-08_16-12-18,100,draft.py:2025-12-02_21-23-18
2025-12-08_16-37-03,100,draft.py:2025-12-02_21-23-18
2025-12-08_16-37-03,100,draft.py:2025-12-02_21-23-18
2025-12-08_16-37-03,100,draft.py:2025-12-02_21-23-18
2025-12-08_16-37-03,100,draft.py:2025-12-02_21-23-18
2025-12-08_16-37-03,100,draft.py:2025-12-02_21-23-18
2025-12-08_20-19-33,100,draft.py:2025-12-02_21-23-18
2025-12-08_20-20-04,0,draft.py:2025-12-08_20-20-04
2025-12-08_20-20-06,0,draft.py:2025-12-08_20-20-04
2025-12-08_20-20-06,0,draft.py:2025-12-08_20-20-04
2025-12-08_21-44-29,0,draft.py:2025-12-08_20-20-04
2025-12-08_21-44-30,0,draft.py:2025-12-08_20-20-04
2025-12-08_21-44-50,100,draft.py:2025-12-08_21-44-50
2025-12-08_22-34-14,100,draft.py:2025-12-08_21-44-50
2025-12-08_22-34-15,100,draft.py:2025-12-08_21-44-50
2025-12-08_22-34-15,100,draft.py:2025-12-08_21-44-50
2025-12-09_15-28-53,100,draft.py:2025-12-08_21-44-50
2025-12-09_15-28-57,100,draft.py:2025-12-08_21-44-50
2025-12-09_15-31-40,100,draft.py:2025-12-08_21-44-50
2025-12-09_15-31-40,100,draft.py:2025-12-08_21-44-50
2025-12-09_16-34-36,100,draft.py:2025-12-08_21-44-50
