2025-12-10_19-32-19,0,draft.py:2025-12-10_19-32-19
2025-12-10_19-33-06,0,draft.py:2025-12-10_19-32-19
2025-12-10_19-33-27,0,draft.py:2025-12-10_19-33-27
2025-12-10_19-36-07,0,draft.py:2025-12-10_19-33-27
2025-12-10_19-39-22,0,draft.py:2025-12-10_19-33-27
2025-12-10_19-39-23,0,draft.py:2025-12-10_19-33-27
2025-12-10_19-39-23,0,draft.py:2025-12-10_19-33-27
2025-12-10_19-44-39,0,draft.py:2025-12-10_19-33-27
2025-12-10_19-44-39,0,draft.py:2025-12-10_19-33-27
2025-12-10_19-44-39,0,draft.py:2025-12-10_19-33-27
2025-12-10_19-44-45,0,draft.py:2025-12-10_19-44-45
2025-12-10_19-44-45,0,draft.py:2025-12-10_19-44-45
2025-12-10_19-44-45,0,draft.py:2025-12-10_19-44-45
2025-12-10_21-48-33,0,draft.py:2025-12-10_19-44-45
2025-12-10_21-48-33,0,draft.py:2025-12-10_19-44-45
2025-12-10_21-48-33,0,draft.py:2025-12-10_19-44-45
2025-12-10_21-48-35,0,draft.py:2025-12-10_19-44-45
2025-12-10_21-48-36,0,draft.py:2025-12-10_19-44-45
2025-12-12_11-07-50,0,draft.py:2025-12-10_19-44-45
2025-12-12_11-07-52,0,draft.py:2025-12-10_19-44-45
2025-12-12_11-11-16,0,draft.py:2025-12-10_19-44-45
2025-12-12_11-16-55,0,draft.py:2025-12-10_19-44-45
2025-12-12_11-47-23,0,draft.py:2025-12-10_19-44-45
2025-12-12_11-47-24,0,draft.py:2025-12-10_19-44-45
2025-12-12_15-19-06,0,draft.py:2025-12-10_19-44-45
2025-12-12_15-19-06,0,draft.py:2025-12-10_19-44-45
2025-12-12_15-57-23,0,draft.py:2025-12-10_19-44-45
2025-12-12_15-57-25,0,draft.py:2025-12-10_19-44-45
2025-12-12_16-33-17,0,draft.py:2025-12-10_19-44-45
2025-12-12_16-33-19,0,draft.py:2025-12-10_19-44-45
2025-12-12_23-38-51,0,draft.py:2025-12-10_19-44-45
2025-12-12_23-38-53,0,draft.py:2025-12-10_19-44-45
2025-12-14_22-51-59,0,draft.py:2025-12-10_19-44-45
2025-12-14_22-52-00,0,draft.py:2025-12-10_19-44-45
2025-12-14_22-52-00,0,draft.py:2025-12-10_19-44-45
2025-12-14_22-52-00,0,draft.py:2025-12-10_19-44-45
2025-12-14_22-52-00,0,draft.py:2025-12-10_19-44-45
2025-12-14_22-54-05,0,draft.py:2025-12-10_19-44-45
2025-12-14_22-55-50,0,draft.py:2025-12-10_19-44-45
2025-12-14_22-55-50,0,draft.py:2025-12-10_19-44-45
2025-12-14_22-57-22,0,draft.py:2025-12-10_19-44-45
2025-12-14_22-57-22,0,draft.py:2025-12-10_19-44-45
2025-12-14_22-57-22,0,draft.py:2025-12-10_19-44-45
2025-12-14_22-57-52,0,draft.py:2025-12-10_19-44-45
2025-12-14_22-58-41,0,draft.py:2025-12-10_19-44-45
2025-12-14_22-58-41,0,draft.py:2025-12-10_19-44-45
2025-12-14_22-58-41,0,draft.py:2025-12-10_19-44-45
2025-12-14_22-58-42,0,draft.py:2025-12-10_19-44-45
2025-12-14_22-59-05,0,draft.py:2025-12-14_22-59-05
2025-12-14_22-59-06,0,draft.py:2025-12-14_22-59-05
2025-12-14_22-59-07,0,draft.py:2025-12-14_22-59-05
2025-12-14_22-59-07,0,draft.py:2025-12-14_22-59-05
2025-12-14_22-59-07,0,draft.py:2025-12-14_22-59-05
2025-12-14_22-59-08,0,draft.py:2025-12-14_22-59-05
2025-12-14_22-59-08,0,draft.py:2025-12-14_22-59-05
2025-12-14_22-59-08,0,draft.py:2025-12-14_22-59-05
2025-12-14_22-59-22,0,draft.py:2025-12-14_22-59-05
2025-12-14_22-59-27,0,draft.py:2025-12-14_22-59-05
2025-12-14_22-59-27,0,draft.py:2025-12-14_22-59-05
2025-12-14_22-59-27,0,draft.py:2025-12-14_22-59-05
2025-12-14_22-59-44,0,draft.py:2025-12-14_22-59-44
2025-12-14_22-59-44,0,draft.py:2025-12-14_22-59-44
2025-12-14_22-59-45,0,draft.py:2025-12-14_22-59-45
2025-12-14_22-59-46,0,draft.py:2025-12-14_22-59-45
2025-12-14_22-59-46,0,draft.py:2025-12-14_22-59-45
2025-12-14_23-01-34,100,draft.py:2025-12-14_23-01-34
